CustomerID,Gender,Age,CityTier,AnnualIncome,MembershipLevel,TotalTransactions,AvgTransactionValue,SatisfactionScore,LoginFrequency,CartAbandonRate,IsChurned
C001,Other,2.0,Tier 2,609605.0,Platinum,16.0,1144.0,3.0,27.0,28.0,No
C002,Male,28.0,Tier 2,627722.0,Silver,15.0,1809.0,5.0,9.0,25.0,Yes
C003,Male,60.0,Tier 2,521901.0,Gold,15.0,1106.0,1.0,30.0,31.0,Yes
C004,Other,38.0,Tier 1,739505.0,Gold,22.0,1506.0,4.0,11.0,17.0,No
C005,Other,55.0,Tier 3,493663.0,Platinum,7.0,1417.0,3.0,21.0,2.0,Yes
C006,Other,52.0,Tier 3,494389.0,Silver,12.0,1013.0,1.0,27.0,14.0,Yes
C007,Other,51.0,Tier 3,2048392.0,Gold,22.0,434.0,1.0,11.0,32.0,Yes
C008,Female,51.0,Tier 2,343009.0,Platinum,25.0,975.0,1.0,7.0,16.0,Yes
C009,Male,58.0,Tier 1,560619.5,Silver,21.0,1325.0,4.0,20.0,8.0,No
C010,Female,44.0,Tier 2,441037.0,Silver,7.0,635.0,4.0,34.0,30.0,Yes
C011,Male,59.0,Tier 1,725877.0,Silver,16.0,1209.0,4.0,21.0,33.0,No
C012,Male,21.0,Tier 3,560619.5,Gold,16.0,630.0,1.0,14.0,17.0,Yes
C013,Other,23.0,Tier 3,484674.0,Platinum,16.0,1244.0,3.0,25.0,6.0,No
C014,Male,40.0,Tier 1,411880.0,Platinum,24.0,1350.0,1.0,10.0,11.0,Yes
C015,Other,39.0,Tier 3,477923.0,Silver,16.0,1083.0,3.0,29.0,2.0,Yes
C016,Other,20.0,Tier 3,560619.5,Gold,5.0,1940.0,1.0,34.0,11.0,Yes
C017,Male,29.0,Tier 1,548380.0,Gold,11.0,776.0,1.0,33.0,24.0,Yes
C018,Male,19.0,Tier 2,648705.0,Gold,25.0,711.0,1.0,25.0,18.0,No
C019,Female,38.0,Tier 3,575063.0,Silver,38.0,416.0,2.0,28.0,22.0,Yes
C020,Other,37.0,Tier 3,390617.0,Silver,16.0,1278.0,3.0,16.0,29.0,No
C021,Female,46.0,Tier 1,638615.0,Platinum,20.0,1268.0,2.0,13.0,4.0,No
C022,Other,22.0,Tier 3,536122.0,Gold,4.0,1079.0,4.0,29.0,5.0,Yes
C023,Female,26.0,Tier 3,372577.0,Gold,20.0,912.0,2.0,15.0,19.0,No
C024,Other,33.0,Tier 1,494723.0,Platinum,16.0,1209.0,4.0,8.0,28.0,Yes
C025,Other,42.0,Tier 2,591234.0,Gold,23.0,494.0,3.0,28.0,12.0,Yes
C026,Other,52.0,Tier 2,588890.0,Gold,5.0,1045.0,3.0,31.0,28.0,Yes
C027,Female,19.0,Tier 1,468769.0,Platinum,11.0,77.0,2.0,13.0,18.0,Yes
C028,Other,56.0,Tier 3,623401.0,Silver,22.0,1432.0,2.0,27.0,21.0,Yes
C029,Other,20.0,Tier 2,656529.0,Silver,7.0,1557.0,4.0,30.0,19.0,No
C030,Female,45.0,Tier 3,640599.0,Silver,18.0,1117.0,4.0,13.0,18.0,No
C031,Other,18.0,Tier 1,475182.0,Silver,19.0,623.0,4.0,25.0,35.0,No
C032,Female,47.0,Tier 2,589751.0,Platinum,9.0,1590.0,5.0,16.0,14.0,No
C033,Male,40.0,Tier 3,560619.5,Gold,19.0,1589.0,4.0,8.0,32.0,Yes
C034,Female,49.0,Tier 3,527720.0,Gold,21.0,1671.0,2.0,36.0,29.0,Yes
C035,Other,24.0,Tier 1,442215.0,Silver,4.0,1533.0,1.0,29.0,6.0,No
C036,Other,55.0,Tier 1,585587.0,Gold,9.0,784.0,3.0,16.0,19.0,No
C037,Female,23.0,Tier 2,560619.5,Silver,22.0,3580.0,3.0,12.0,30.0,Yes
C038,Other,45.0,Tier 2,593367.0,Gold,14.0,1815.0,4.0,21.0,18.0,No
C039,Other,18.0,Tier 3,545700.0,Platinum,5.0,1825.0,4.0,7.0,17.0,No
C040,Other,18.0,Tier 1,235630.0,Silver,13.0,1528.0,4.0,19.0,34.0,Yes
C041,Male,35.0,Tier 2,560445.0,Silver,22.0,1080.0,4.0,24.0,26.0,No
C042,Male,33.0,Tier 1,561011.0,Gold,16.0,404.0,2.0,23.0,23.0,No
C043,Male,51.0,Tier 1,523639.0,Silver,12.0,1342.0,3.0,19.0,33.0,Yes
C044,Other,22.0,Tier 3,727347.0,Gold,7.0,992.0,1.0,18.0,11.0,No
C045,Other,29.0,Tier 1,452980.0,Gold,18.0,999.0,4.0,23.0,24.0,No
C046,Other,45.0,Tier 2,659848.0,Gold,15.0,1331.0,4.0,28.0,5.0,No
C047,Female,32.0,Tier 2,486428.0,Platinum,8.0,1405.0,3.0,18.0,7.0,No
C048,Other,44.0,Tier 1,561649.0,Platinum,12.0,1587.0,3.0,10.0,6.0,Yes
C049,Other,43.0,Tier 3,560619.5,Platinum,25.0,1068.0,3.0,7.0,22.0,Yes
C050,Other,22.0,Tier 2,502947.0,Silver,19.0,614.0,4.0,30.0,28.0,Yes
C051,Female,59.0,Tier 2,585534.0,Platinum,11.0,1304.0,5.0,8.0,14.0,No
C052,Male,60.0,Tier 3,2001022.0,Silver,16.0,1106.0,2.0,31.0,2.0,Yes
C053,Male,52.0,Tier 1,380155.0,Gold,16.0,1031.0,4.0,22.0,25.0,Yes
C054,Female,50.0,Tier 2,508874.0,Platinum,16.0,879.0,1.0,9.0,22.0,Yes
C055,Male,35.0,Tier 3,530645.0,Platinum,17.0,1361.0,5.0,21.0,28.0,No
C056,Female,44.0,Tier 2,776342.0,Silver,6.0,1269.0,3.0,25.0,23.0,No
C057,Female,60.0,Tier 2,580906.0,Platinum,20.0,1170.0,1.0,10.0,16.0,Yes
C058,Other,60.0,Tier 2,319747.0,Gold,8.0,1189.0,1.0,19.0,23.0,No
C059,Other,38.0,Tier 3,557227.0,Platinum,18.0,2185.0,3.0,18.0,20.0,No
C060,Other,60.0,Tier 1,560619.5,Gold,12.0,1320.0,4.0,29.0,24.0,Yes
C061,Female,19.0,Tier 1,545834.0,Platinum,16.0,732.0,5.0,18.0,8.0,No
C062,Other,23.0,Tier 2,687138.0,Silver,20.0,1500.0,2.0,13.0,11.0,Yes
C063,Male,58.0,Tier 3,644923.0,Platinum,14.0,836.0,1.0,32.0,5.0,Yes
C064,Female,47.0,Tier 1,718335.0,Silver,18.0,639.0,1.0,27.0,32.0,Yes
C065,Female,24.0,Tier 2,620422.0,Silver,18.0,2076.0,3.0,28.0,23.0,Yes
C066,Other,42.0,Tier 3,431135.0,Silver,8.0,973.0,4.0,9.0,26.0,No
C067,Male,60.0,Tier 3,561958.0,Platinum,15.0,998.0,4.0,23.0,8.0,Yes
C068,Other,39.0,Tier 3,363920.0,Platinum,9.0,1227.0,2.0,31.0,30.0,Yes
C069,Female,48.0,Tier 1,422523.0,Gold,20.0,1389.0,5.0,27.0,25.0,Yes
C070,Other,51.0,Tier 2,439669.0,Platinum,11.0,1819.0,3.0,14.0,7.0,Yes
C071,Female,24.0,Tier 3,560619.5,Gold,19.0,1209.0,3.0,30.0,29.0,No
C072,Male,37.0,Tier 1,511352.0,Silver,16.0,1057.0,2.0,24.0,28.0,Yes
C073,Other,41.0,Tier 3,616734.0,Silver,24.0,1617.0,3.0,30.0,8.0,No
C074,Male,20.0,Tier 2,613173.0,Gold,9.0,1745.0,3.0,32.0,4.0,No
C075,Other,43.0,Tier 3,854699.0,Gold,24.0,1070.0,4.0,19.0,13.0,No
C076,Female,51.0,Tier 1,525295.0,Silver,6.0,623.0,4.0,23.0,24.0,No
C077,Female,58.0,Tier 1,692887.0,Platinum,8.0,1719.0,3.0,18.0,4.0,No
C078,Female,41.0,Tier 1,445942.0,Platinum,4.0,1447.0,5.0,29.0,20.0,No
C079,Male,25.0,Tier 1,696048.0,Silver,14.0,1290.0,3.0,29.0,13.0,Yes
C080,Male,30.0,Tier 1,2169480.0,Gold,8.0,1269.0,4.0,33.0,10.0,Yes
C081,Female,47.0,Tier 2,403977.0,Platinum,17.0,1619.0,5.0,17.0,16.0,No
C082,Male,34.0,Tier 3,709012.0,Silver,22.0,1493.0,5.0,8.0,3.0,No
C083,Other,31.0,Tier 2,435460.0,Platinum,19.0,899.0,4.0,21.0,31.0,Yes
C084,Female,38.0,Tier 2,414348.0,Platinum,7.0,1507.0,3.0,20.0,12.0,No
C085,Male,28.0,Tier 3,702206.0,Silver,11.0,1209.0,4.0,28.0,2.0,No
C086,Male,34.0,Tier 2,662864.0,Silver,16.0,852.0,5.0,10.0,23.0,No
C087,Male,30.0,Tier 2,567503.0,Gold,8.0,652.0,5.0,26.0,21.0,No
C088,Other,54.0,Tier 1,457386.0,Platinum,16.0,1551.0,5.0,25.0,35.0,No
C089,Male,33.0,Tier 3,1952081.0,Silver,20.0,1683.0,1.0,24.0,32.0,No
C090,Male,47.0,Tier 2,614555.0,Platinum,23.0,2293.0,3.0,16.0,15.0,No
C091,Female,48.0,Tier 3,561251.0,Gold,15.0,637.0,3.0,36.0,18.0,Yes
C092,Male,52.0,Tier 3,545856.0,Platinum,20.0,814.0,3.0,31.0,12.0,No
C093,Female,59.0,Tier 2,667261.0,Silver,5.0,1216.0,2.0,33.0,33.0,No
C094,Male,18.0,Tier 3,533527.0,Platinum,8.0,1150.0,1.0,27.0,20.0,No
C095,Female,54.0,Tier 1,638840.0,Gold,25.0,1019.0,3.0,21.0,23.0,Yes
C096,Female,59.0,Tier 1,643245.0,Gold,13.0,1618.0,3.0,11.0,31.0,No
C097,Female,53.0,Tier 3,508942.0,Platinum,6.0,829.0,5.0,35.0,11.0,No
C098,Male,31.0,Tier 2,488444.0,Gold,16.0,1484.0,1.0,30.0,6.0,No
C099,Other,22.0,Tier 1,561097.0,Silver,8.0,1452.0,4.0,21.0,26.0,Yes
C100,Other,40.0,Tier 3,761552.0,Silver,18.0,1292.0,2.0,15.0,9.0,No
C101,Other,19.0,Tier 1,452927.0,Platinum,5.0,1622.0,1.0,14.0,22.0,No
C102,Male,37.0,Tier 3,556163.0,Platinum,9.0,1548.0,3.0,32.0,28.0,No
C103,Female,29.0,Tier 2,677943.0,Silver,21.0,816.0,4.0,23.0,30.0,Yes
C104,Other,30.0,Tier 2,715840.0,Silver,25.0,1562.0,3.0,13.0,9.0,No
C105,Male,56.0,Tier 2,477531.0,Gold,13.0,1321.0,1.0,31.0,15.0,No
C106,Male,54.0,Tier 3,580864.0,Platinum,10.0,1209.0,4.0,17.0,33.0,No
C107,Female,28.0,Tier 2,654629.0,Platinum,16.0,1774.0,1.0,33.0,6.0,Yes
C108,Male,50.0,Tier 1,550876.0,Gold,38.0,3267.0,3.0,23.0,29.0,Yes
C109,Male,24.0,Tier 1,664480.0,Gold,16.0,1460.0,3.0,27.0,4.0,No
C110,Female,53.0,Tier 2,512167.0,Gold,7.0,1503.0,5.0,9.0,19.0,Yes
C111,Male,40.0,Tier 1,457260.0,Gold,22.0,1105.0,5.0,11.0,7.0,No
C112,Male,24.0,Tier 1,491756.0,Gold,24.0,1232.0,3.0,12.0,26.0,No
C113,Male,22.0,Tier 1,827759.0,Gold,4.0,453.0,1.0,21.0,34.0,Yes
C114,Male,40.0,Tier 3,632351.0,Gold,21.0,554.0,2.0,15.0,33.0,Yes
C115,Female,35.0,Tier 2,493368.0,Platinum,10.0,1209.0,4.0,32.0,30.0,Yes
C116,Female,38.0,Tier 3,557713.0,Gold,19.0,768.0,3.0,10.0,14.0,Yes
C117,Other,53.0,Tier 3,464163.0,Gold,17.0,1471.0,3.0,32.0,30.0,No
C118,Other,43.0,Tier 3,462356.0,Platinum,24.0,1286.0,3.0,25.0,27.0,No
C119,Female,40.0,Tier 2,555468.0,Platinum,16.0,939.0,2.0,10.0,7.0,Yes
C120,Female,37.0,Tier 1,807273.0,Platinum,16.0,1209.0,3.0,12.0,17.0,Yes
C121,Female,53.0,Tier 2,306982.0,Platinum,23.0,1274.0,1.0,31.0,6.0,Yes
C122,Female,38.0,Tier 1,470585.0,Platinum,16.0,1540.0,5.0,32.0,7.0,No
C123,Male,33.0,Tier 1,454897.0,Platinum,9.0,1154.0,2.0,11.0,30.0,No
C124,Male,49.0,Tier 2,610598.0,Platinum,18.0,1209.0,2.0,24.0,31.0,No
C125,Other,50.0,Tier 1,405964.0,Platinum,18.0,1066.0,2.0,21.0,7.0,Yes
C126,Male,31.0,Tier 3,493006.0,Gold,10.0,938.0,5.0,17.0,20.0,No
C127,Other,24.0,Tier 2,761854.0,Silver,8.0,1361.0,4.0,15.0,26.0,Yes
C128,Female,50.0,Tier 3,398693.0,Gold,6.0,1567.0,3.0,19.0,29.0,No
C129,Female,38.0,Tier 2,804658.0,Gold,5.0,1612.0,1.0,23.0,29.0,Yes
C130,Other,37.0,Tier 2,367675.0,Platinum,16.0,1006.0,4.0,7.0,6.0,Yes
C131,Other,40.0,Tier 3,702029.0,Platinum,16.0,916.0,3.0,31.0,10.0,Yes
C132,Male,51.0,Tier 3,603258.0,Platinum,23.0,1509.0,1.0,30.0,29.0,Yes
C133,Male,35.0,Tier 1,438768.0,Platinum,13.0,1176.0,4.0,35.0,17.0,Yes
C134,Male,49.0,Tier 1,161047.0,Gold,22.0,790.0,4.0,7.0,2.0,Yes
C135,Male,43.0,Tier 3,519691.0,Gold,23.0,1209.0,2.0,17.0,6.0,No
C136,Other,33.0,Tier 1,745889.0,Silver,9.0,627.0,2.0,23.0,18.0,Yes
C137,Other,35.0,Tier 1,1911991.0,Gold,22.0,1252.0,1.0,18.0,8.0,Yes
C138,Male,40.0,Tier 1,722952.0,Silver,5.0,625.0,4.0,36.0,19.0,No
C139,Male,50.0,Tier 1,689579.0,Gold,13.0,1204.0,3.0,25.0,17.0,No
C140,Male,52.0,Tier 1,560619.5,Platinum,4.0,399.0,3.0,14.0,5.0,Yes
C141,Other,35.0,Tier 1,605452.0,Gold,22.0,1119.0,1.0,28.0,17.0,No
C142,Female,38.0,Tier 2,557307.0,Platinum,18.0,1458.0,2.0,34.0,12.0,No
C143,Other,56.0,Tier 2,565131.0,Gold,12.0,441.0,4.0,10.0,10.0,Yes
C144,Male,26.0,Tier 2,703664.0,Platinum,16.0,953.0,4.0,34.0,23.0,No
C145,Male,28.0,Tier 2,560619.5,Platinum,9.0,1474.0,5.0,16.0,32.0,No
C146,Female,26.0,Tier 3,558516.0,Platinum,15.0,1375.0,5.0,23.0,20.0,No
C147,Male,48.0,Tier 3,536980.0,Platinum,5.0,1005.0,4.0,34.0,17.0,No
C148,Other,19.0,Tier 2,574911.0,Silver,19.0,1209.0,1.0,23.0,23.0,Yes
C149,Male,39.0,Tier 2,494256.0,Silver,15.0,951.0,4.0,17.0,12.0,No
C150,Other,49.0,Tier 1,507341.0,Platinum,22.0,1580.0,3.0,29.0,27.0,Yes
C151,Male,56.0,Tier 3,724306.0,Silver,15.0,1344.0,1.0,30.0,20.0,Yes
C152,Male,22.0,Tier 1,619757.0,Gold,19.0,948.0,4.0,31.0,12.0,Yes
C153,Female,19.0,Tier 1,655210.0,Platinum,6.0,1420.0,1.0,26.0,12.0,No
C154,Male,30.0,Tier 3,464784.0,Gold,16.0,484.0,3.0,33.0,32.0,Yes
C155,Male,28.0,Tier 1,403531.0,Gold,6.0,932.0,4.0,15.0,18.0,No
C156,Other,21.0,Tier 3,689432.0,Platinum,11.0,1821.0,4.0,36.0,17.0,Yes
C157,Female,20.0,Tier 3,497257.0,Silver,9.0,1036.0,4.0,13.0,11.0,No
C158,Female,22.0,Tier 3,581394.0,Gold,39.0,1204.0,2.0,31.0,8.0,Yes
C159,Female,52.0,Tier 2,661712.0,Platinum,8.0,990.0,4.0,23.0,32.0,No
C160,Male,39.0,Tier 2,663897.0,Platinum,8.0,1104.0,3.0,27.0,30.0,No
C161,Other,49.0,Tier 2,652476.0,Gold,20.0,1091.0,2.0,23.0,25.0,No
C162,Female,47.0,Tier 3,476428.0,Gold,19.0,1964.0,3.0,23.0,5.0,Yes
C163,Male,59.0,Tier 1,560619.5,Platinum,24.0,483.0,5.0,29.0,29.0,No
C164,Female,34.0,Tier 2,496387.0,Platinum,15.0,1681.0,1.0,15.0,19.0,No
C165,Male,27.0,Tier 1,406400.0,Platinum,8.0,1508.0,3.0,23.0,14.0,Yes
C166,Other,52.0,Tier 2,630046.0,Silver,9.0,920.0,5.0,28.0,7.0,Yes
C167,Other,37.0,Tier 2,548941.0,Silver,22.0,363.0,2.0,19.0,28.0,Yes
C168,Male,30.0,Tier 3,762451.0,Platinum,14.0,1076.0,1.0,31.0,12.0,Yes
C169,Male,57.0,Tier 2,646457.0,Silver,4.0,1445.0,1.0,14.0,24.0,Yes
C170,Female,50.0,Tier 1,712945.0,Gold,14.0,1026.0,4.0,36.0,20.0,Yes
C171,Other,26.0,Tier 1,574458.0,Platinum,24.0,1209.0,1.0,23.0,9.0,No
C172,Male,53.0,Tier 3,654704.0,Gold,20.0,1661.0,1.0,16.0,8.0,Yes
C173,Female,51.0,Tier 2,560619.5,Gold,19.0,4738.0,1.0,11.0,34.0,Yes
C174,Female,59.0,Tier 2,463786.0,Silver,25.0,1114.0,3.0,27.0,24.0,No
C175,Other,23.0,Tier 2,587308.0,Gold,19.0,1790.0,1.0,34.0,28.0,No
C176,Other,46.0,Tier 2,652919.0,Platinum,19.0,1209.0,3.0,35.0,16.0,No
C177,Other,51.0,Tier 3,547718.0,Gold,8.0,798.0,3.0,23.0,33.0,Yes
C178,Female,38.0,Tier 2,547778.0,Gold,18.0,1084.0,4.0,30.0,8.0,Yes
C179,Other,40.0,Tier 1,588726.0,Platinum,18.0,1209.0,2.0,31.0,32.0,No
C180,Other,46.0,Tier 3,612321.0,Gold,16.0,1813.0,4.0,13.0,27.0,Yes
C181,Other,39.0,Tier 2,536948.0,Silver,25.0,1360.0,1.0,36.0,32.0,Yes
C182,Other,55.0,Tier 1,632817.0,Gold,23.0,1039.0,3.0,11.0,34.0,No
C183,Other,53.0,Tier 1,576891.0,Platinum,9.0,1205.0,1.0,25.0,28.0,No
C184,Female,18.0,Tier 1,560619.5,Gold,13.0,1209.0,3.0,18.0,8.0,Yes
C185,Other,59.0,Tier 1,552941.0,Platinum,16.0,1399.0,3.0,13.0,30.0,No
C186,Other,52.0,Tier 1,724137.0,Silver,9.0,1209.0,3.0,25.0,2.0,Yes
C187,Male,27.0,Tier 2,808381.0,Platinum,21.0,893.0,2.0,32.0,28.0,No
C188,Male,40.0,Tier 1,654678.0,Platinum,16.0,1273.0,5.0,8.0,22.0,Yes
C189,Female,34.0,Tier 2,812776.0,Platinum,5.0,876.0,1.0,31.0,2.0,Yes
C190,Other,58.0,Tier 3,449233.0,Platinum,17.0,960.0,3.0,8.0,5.0,No
C191,Other,22.0,Tier 1,295132.0,Gold,40.0,2939.0,1.0,29.0,24.0,Yes
C192,Female,37.0,Tier 2,486909.0,Platinum,11.0,434.0,5.0,16.0,25.0,Yes
C193,Other,53.0,Tier 2,593497.0,Silver,15.0,1428.0,2.0,33.0,9.0,Yes
C194,Other,47.0,Tier 1,666462.0,Platinum,15.0,1496.0,3.0,22.0,21.0,Yes
C195,Other,54.0,Tier 2,727199.0,Silver,12.0,1480.0,4.0,16.0,8.0,Yes
C196,Female,26.0,Tier 1,560619.5,Silver,16.0,1170.0,5.0,15.0,32.0,Yes
C197,Female,43.0,Tier 3,516133.0,Platinum,4.0,1318.0,5.0,11.0,13.0,Yes
C198,Other,48.0,Tier 1,560619.5,Gold,20.0,1336.0,4.0,27.0,35.0,No
C199,Other,34.0,Tier 3,539630.0,Platinum,12.0,1310.0,3.0,32.0,2.0,Yes
C200,Female,28.0,Tier 3,583446.0,Gold,25.0,219.0,4.0,25.0,20.0,Yes
C201,Male,54.0,Tier 1,441844.0,Silver,20.0,1156.0,1.0,33.0,7.0,No
C202,Female,28.0,Tier 2,543341.0,Silver,9.0,1303.0,3.0,11.0,14.0,No
C203,Male,56.0,Tier 2,586281.0,Platinum,19.0,1806.0,1.0,27.0,28.0,Yes
C204,Other,51.0,Tier 2,587495.0,Platinum,22.0,1074.0,2.0,26.0,28.0,Yes
C205,Other,18.0,Tier 1,358105.0,Gold,17.0,652.0,4.0,28.0,15.0,No
C206,Male,41.0,Tier 2,614259.0,Platinum,25.0,1624.0,2.0,32.0,5.0,Yes
C207,Male,27.0,Tier 3,734964.0,Silver,16.0,868.0,3.0,12.0,20.0,No
C208,Male,20.0,Tier 3,513536.0,Silver,9.0,1296.0,4.0,7.0,6.0,No
C209,Other,53.0,Tier 2,795687.0,Silver,4.0,1245.0,1.0,10.0,18.0,No
C210,Other,46.0,Tier 3,736151.0,Gold,4.0,1267.0,2.0,17.0,24.0,Yes
C211,Other,34.0,Tier 1,688389.0,Platinum,15.0,1610.0,2.0,30.0,18.0,Yes
C212,Male,57.0,Tier 1,569930.0,Gold,21.0,791.0,3.0,35.0,19.0,No
C213,Female,32.0,Tier 2,517708.0,Platinum,25.0,1795.0,5.0,7.0,26.0,No
C214,Female,57.0,Tier 1,655339.0,Platinum,17.0,1026.0,4.0,11.0,16.0,No
C215,Male,53.0,Tier 2,508922.0,Gold,19.0,507.0,5.0,16.0,5.0,Yes
C216,Male,31.0,Tier 2,723320.0,Gold,12.0,1554.0,5.0,27.0,20.0,No
C217,Other,46.0,Tier 2,533550.0,Silver,17.0,1280.0,1.0,17.0,20.0,No
C218,Female,46.0,Tier 2,289496.0,Silver,33.0,1005.0,1.0,23.0,32.0,Yes
C219,Female,51.0,Tier 1,710133.0,Gold,13.0,1592.0,3.0,34.0,32.0,No
C220,Other,46.0,Tier 3,589684.0,Platinum,20.0,1194.0,4.0,21.0,28.0,No
C221,Male,18.0,Tier 1,560619.5,Gold,4.0,1087.0,1.0,35.0,27.0,No
C222,Female,32.0,Tier 2,350236.0,Platinum,13.0,1197.0,2.0,16.0,31.0,No
C223,Other,57.0,Tier 2,598374.0,Silver,8.0,1649.0,3.0,20.0,33.0,No
C224,Other,20.0,Tier 2,560619.5,Gold,12.0,1150.0,2.0,14.0,4.0,Yes
C225,Other,60.0,Tier 2,540963.0,Silver,21.0,759.0,2.0,28.0,9.0,No
C226,Female,18.0,Tier 2,608520.0,Silver,23.0,1498.0,4.0,36.0,5.0,Yes
C227,Other,52.0,Tier 1,515116.0,Platinum,18.0,2396.0,2.0,29.0,20.0,No
C228,Male,54.0,Tier 2,431712.0,Platinum,6.0,1401.0,5.0,34.0,13.0,No
C229,Other,33.0,Tier 1,486369.0,Platinum,8.0,882.0,1.0,8.0,10.0,Yes
C230,Male,24.0,Tier 2,537156.0,Gold,16.0,785.0,1.0,22.0,7.0,Yes
C231,Female,53.0,Tier 2,560619.5,Platinum,6.0,720.0,5.0,24.0,14.0,Yes
C232,Other,58.0,Tier 3,785767.0,Platinum,25.0,1214.0,5.0,12.0,30.0,No
C233,Other,38.0,Tier 2,466032.0,Platinum,16.0,1285.0,4.0,23.0,20.0,Yes
C234,Female,18.0,Tier 1,536520.0,Platinum,20.0,1111.0,1.0,15.0,17.0,No
C235,Male,54.0,Tier 1,623700.0,Silver,22.0,1503.0,1.0,9.0,23.0,No
C236,Female,25.0,Tier 1,486339.0,Platinum,13.0,969.0,3.0,8.0,27.0,Yes
C237,Male,45.0,Tier 2,516993.0,Platinum,6.0,279.0,2.0,19.0,14.0,Yes
C238,Male,22.0,Tier 2,368177.0,Platinum,10.0,1209.0,3.0,33.0,30.0,No
C239,Male,32.0,Tier 2,747396.0,Platinum,8.0,1209.0,1.0,17.0,15.0,No
C240,Other,48.0,Tier 1,619186.0,Platinum,5.0,1324.0,1.0,9.0,19.0,No
C241,Male,19.0,Tier 3,919465.0,Platinum,23.0,1647.0,4.0,8.0,35.0,No
C242,Female,40.0,Tier 3,534649.0,Platinum,12.0,817.0,1.0,14.0,27.0,Yes
C243,Other,42.0,Tier 3,357226.0,Silver,13.0,1281.0,2.0,28.0,10.0,Yes
C244,Female,27.0,Tier 3,459237.0,Platinum,8.0,631.0,4.0,30.0,19.0,Yes
C245,Male,26.0,Tier 3,472411.0,Platinum,16.0,767.0,5.0,12.0,33.0,Yes
C246,Male,32.0,Tier 1,752456.0,Platinum,6.0,1552.0,5.0,21.0,29.0,Yes
C247,Other,42.0,Tier 2,549043.0,Platinum,5.0,1791.0,1.0,24.0,4.0,Yes
C248,Male,36.0,Tier 2,559284.0,Gold,20.0,855.0,1.0,31.0,10.0,No
C249,Female,19.0,Tier 3,732774.0,Silver,9.0,1415.0,4.0,29.0,34.0,Yes
C250,Female,53.0,Tier 1,425530.0,Silver,5.0,1123.0,4.0,35.0,20.0,No
C251,Male,47.0,Tier 2,1824876.0,Silver,18.0,646.0,2.0,27.0,15.0,Yes
C252,Male,59.0,Tier 1,661141.0,Gold,7.0,1963.0,5.0,25.0,13.0,No
C253,Male,23.0,Tier 2,560619.5,Gold,19.0,1425.0,5.0,13.0,8.0,Yes
C254,Female,56.0,Tier 3,471922.0,Platinum,8.0,1005.0,4.0,26.0,20.0,Yes
C255,Male,19.0,Tier 1,478912.0,Gold,21.0,854.0,3.0,16.0,22.0,Yes
C256,Other,39.0,Tier 3,555822.0,Silver,25.0,1209.0,2.0,35.0,23.0,No
C257,Other,21.0,Tier 2,582454.0,Silver,16.0,1179.0,3.0,33.0,26.0,Yes
C258,Female,38.0,Tier 2,521326.0,Gold,20.0,836.0,2.0,7.0,34.0,No
C259,Female,51.0,Tier 2,480787.0,Platinum,5.0,1502.0,1.0,34.0,7.0,Yes
C260,Male,51.0,Tier 3,610110.0,Silver,12.0,808.0,3.0,7.0,34.0,No
C261,Other,38.0,Tier 3,561919.0,Gold,16.0,1500.0,1.0,20.0,30.0,No
C262,Female,30.0,Tier 3,349671.0,Gold,18.0,1417.0,4.0,11.0,18.0,No
C263,Male,60.0,Tier 2,470485.0,Gold,13.0,1428.0,1.0,10.0,6.0,No
C264,Female,55.0,Tier 3,458408.0,Silver,22.0,478.0,3.0,28.0,33.0,No
C265,Female,53.0,Tier 2,560619.5,Silver,16.0,1209.0,2.0,35.0,2.0,Yes
C266,Female,52.0,Tier 3,581166.0,Gold,25.0,838.0,3.0,26.0,27.0,No
C267,Male,41.0,Tier 2,626631.0,Silver,11.0,535.0,4.0,13.0,32.0,No
C268,Female,44.0,Tier 3,1986784.0,Silver,17.0,715.0,4.0,29.0,29.0,No
C269,Other,45.0,Tier 2,471779.0,Silver,11.0,1218.0,5.0,25.0,25.0,No
C270,Other,23.0,Tier 3,446750.0,Gold,23.0,1046.0,1.0,25.0,5.0,Yes
C271,Female,47.0,Tier 2,670755.0,Gold,23.0,969.0,1.0,23.0,20.0,Yes
C272,Female,49.0,Tier 3,650283.0,Platinum,4.0,748.0,2.0,12.0,17.0,Yes
C273,Female,23.0,Tier 3,613576.0,Gold,18.0,1776.0,3.0,33.0,12.0,No
C274,Female,48.0,Tier 3,253402.0,Gold,4.0,881.0,3.0,8.0,24.0,No
C275,Other,59.0,Tier 2,619248.0,Platinum,11.0,1118.0,3.0,17.0,2.0,Yes
C276,Female,24.0,Tier 3,594537.0,Platinum,5.0,958.0,5.0,10.0,10.0,Yes
C277,Male,29.0,Tier 2,560390.0,Gold,25.0,1137.0,1.0,19.0,5.0,No
C278,Male,46.0,Tier 1,690133.0,Silver,23.0,1301.0,3.0,30.0,20.0,No
C279,Male,59.0,Tier 1,590512.0,Gold,19.0,1035.0,1.0,32.0,24.0,No
C280,Female,21.0,Tier 3,491487.0,Silver,13.0,1209.0,4.0,19.0,24.0,No
C281,Other,30.0,Tier 2,597334.0,Gold,13.0,1031.0,3.0,32.0,27.0,No
C282,Other,52.0,Tier 3,584772.0,Gold,16.0,2030.0,2.0,33.0,31.0,Yes
C283,Male,25.0,Tier 3,654534.0,Platinum,25.0,1069.0,2.0,23.0,19.0,No
C284,Male,41.0,Tier 2,694145.0,Platinum,4.0,1209.0,1.0,16.0,32.0,Yes
C285,Male,58.0,Tier 2,305425.0,Silver,23.0,796.0,3.0,13.0,35.0,No
C286,Other,50.0,Tier 3,325504.0,Silver,19.0,1059.0,1.0,20.0,31.0,Yes
C287,Other,29.0,Tier 1,552210.0,Platinum,17.0,1870.0,1.0,30.0,14.0,Yes
C288,Male,48.0,Tier 1,589231.0,Gold,18.0,1112.0,2.0,23.0,10.0,No
C289,Female,44.0,Tier 2,649528.0,Platinum,22.0,315.0,5.0,25.0,31.0,No
C290,Other,33.0,Tier 2,578273.0,Silver,17.0,1508.0,3.0,22.0,8.0,Yes
C291,Male,53.0,Tier 3,372569.0,Gold,4.0,1657.0,5.0,21.0,10.0,No
C292,Male,41.0,Tier 3,560619.5,Platinum,17.0,1033.0,5.0,9.0,23.0,Yes
C293,Other,41.0,Tier 1,560619.5,Gold,6.0,2108.0,3.0,22.0,15.0,Yes
C294,Female,40.0,Tier 3,560619.5,Gold,7.0,1299.0,3.0,28.0,6.0,No
C295,Male,23.0,Tier 1,494876.0,Gold,8.0,860.0,3.0,36.0,24.0,Yes
C296,Female,30.0,Tier 1,649640.0,Platinum,14.0,857.0,5.0,11.0,21.0,No
C297,Male,48.0,Tier 2,558587.0,Gold,9.0,1008.0,2.0,17.0,30.0,Yes
C298,Male,53.0,Tier 3,607477.0,Platinum,7.0,1333.0,2.0,23.0,34.0,No
C299,Female,36.0,Tier 3,674504.0,Gold,19.0,995.0,3.0,14.0,7.0,Yes
C300,Other,51.0,Tier 2,517615.0,Platinum,20.0,808.0,5.0,18.0,29.0,No
C301,Male,36.0,Tier 2,496684.0,Platinum,17.0,1350.0,4.0,33.0,7.0,No
C302,Female,51.0,Tier 1,640838.0,Silver,17.0,831.0,2.0,16.0,4.0,No
C303,Other,37.0,Tier 3,560619.5,Gold,24.0,1742.0,4.0,27.0,9.0,No
C304,Male,56.0,Tier 3,599612.0,Platinum,7.0,1209.0,3.0,17.0,10.0,Yes
C305,Female,41.0,Tier 2,457145.0,Silver,9.0,702.0,3.0,28.0,19.0,No
C306,Male,52.0,Tier 2,336553.0,Gold,9.0,1798.0,2.0,29.0,35.0,Yes
C307,Female,47.0,Tier 1,628523.0,Gold,18.0,1177.0,3.0,30.0,16.0,Yes
C308,Other,32.0,Tier 1,583596.0,Silver,16.0,749.0,5.0,36.0,6.0,Yes
C309,Male,25.0,Tier 1,843490.0,Silver,12.0,1251.0,5.0,23.0,8.0,Yes
C310,Other,31.0,Tier 2,560619.5,Platinum,20.0,1490.0,2.0,12.0,26.0,Yes
C311,Female,25.0,Tier 2,607721.0,Gold,5.0,1289.0,4.0,33.0,28.0,No
C312,Male,22.0,Tier 2,560619.5,Platinum,18.0,1388.0,4.0,10.0,12.0,Yes
C313,Female,30.0,Tier 2,775842.0,Gold,22.0,1738.0,4.0,19.0,34.0,No
C314,Male,25.0,Tier 2,560619.5,Platinum,16.0,995.0,3.0,10.0,35.0,No
C315,Male,36.0,Tier 2,431247.0,Platinum,5.0,1149.0,4.0,23.0,13.0,No
C316,Other,28.0,Tier 1,556686.0,Platinum,25.0,1637.0,2.0,22.0,26.0,No
C317,Female,38.0,Tier 2,346904.0,Platinum,24.0,1811.0,3.0,14.0,21.0,Yes
C318,Female,25.0,Tier 1,531039.0,Gold,16.0,1209.0,3.0,25.0,33.0,Yes
C319,Female,49.0,Tier 3,428547.0,Gold,6.0,538.0,1.0,32.0,7.0,Yes
C320,Other,39.0,Tier 3,648780.0,Silver,13.0,1229.0,4.0,28.0,13.0,Yes
C321,Other,49.0,Tier 3,395204.0,Platinum,22.0,681.0,4.0,28.0,29.0,Yes
C322,Other,31.0,Tier 2,509705.0,Platinum,8.0,1867.0,4.0,20.0,4.0,No
C323,Male,19.0,Tier 2,518849.0,Platinum,31.0,1209.0,4.0,35.0,10.0,Yes
C324,Other,60.0,Tier 3,520510.0,Silver,22.0,1090.0,4.0,13.0,30.0,Yes
C325,Female,52.0,Tier 1,226373.0,Gold,15.0,1178.0,3.0,32.0,17.0,No
C326,Female,58.0,Tier 2,522287.0,Silver,16.0,1478.0,2.0,12.0,22.0,No
C327,Male,35.0,Tier 2,771874.0,Platinum,7.0,1650.0,3.0,24.0,31.0,Yes
C328,Other,59.0,Tier 2,517733.0,Platinum,7.0,757.0,2.0,32.0,30.0,Yes
C329,Female,29.0,Tier 2,858803.0,Silver,22.0,1223.0,5.0,21.0,12.0,No
C330,Other,34.0,Tier 2,560619.5,Platinum,18.0,1190.0,2.0,32.0,33.0,No
C331,Male,56.0,Tier 2,573770.0,Platinum,11.0,1142.0,4.0,34.0,27.0,No
C332,Other,45.0,Tier 2,560619.5,Silver,23.0,981.0,3.0,19.0,27.0,Yes
C333,Other,20.0,Tier 2,546069.0,Gold,20.0,982.0,2.0,15.0,29.0,No
C334,Other,34.0,Tier 2,464458.0,Silver,24.0,1242.0,2.0,12.0,29.0,No
C335,Male,46.0,Tier 3,519402.0,Platinum,6.0,1801.0,5.0,28.0,2.0,Yes
C336,Female,22.0,Tier 2,560619.5,Platinum,15.0,1636.0,3.0,29.0,31.0,No
C337,Other,40.0,Tier 1,699530.0,Platinum,22.0,370.0,3.0,9.0,26.0,No
C338,Male,33.0,Tier 2,508877.0,Gold,24.0,1051.0,3.0,18.0,25.0,No
C339,Female,42.0,Tier 3,381098.0,Gold,17.0,888.0,2.0,36.0,35.0,No
C340,Female,23.0,Tier 2,416730.0,Gold,13.0,1900.0,5.0,10.0,18.0,Yes
C341,Other,19.0,Tier 3,662281.0,Silver,13.0,1708.0,4.0,36.0,13.0,Yes
C342,Other,56.0,Tier 3,560619.5,Platinum,18.0,748.0,5.0,33.0,25.0,No
C343,Female,23.0,Tier 1,487057.0,Silver,24.0,1395.0,5.0,21.0,20.0,Yes
C344,Male,46.0,Tier 2,403344.0,Gold,5.0,1485.0,4.0,30.0,20.0,No
C345,Female,50.0,Tier 3,521160.0,Silver,17.0,1050.0,4.0,26.0,24.0,No
C346,Male,28.0,Tier 1,635315.0,Platinum,23.0,1377.0,3.0,20.0,25.0,Yes
C347,Other,31.0,Tier 3,506684.0,Silver,17.0,1663.0,3.0,18.0,12.0,Yes
C348,Male,39.0,Tier 3,420272.0,Gold,21.0,1446.0,5.0,8.0,30.0,Yes
C349,Male,57.0,Tier 1,621172.0,Platinum,15.0,1076.0,5.0,11.0,23.0,Yes
C350,Male,46.0,Tier 1,589135.0,Platinum,17.0,699.0,5.0,32.0,28.0,No
C351,Male,46.0,Tier 1,560619.5,Gold,9.0,1209.0,2.0,27.0,35.0,No
C352,Female,53.0,Tier 3,560619.5,Gold,8.0,1619.0,5.0,21.0,27.0,No
C353,Male,20.0,Tier 2,465478.0,Platinum,21.0,636.0,3.0,25.0,21.0,Yes
C354,Other,21.0,Tier 2,560619.5,Platinum,22.0,1442.0,5.0,27.0,16.0,No
C355,Other,54.0,Tier 3,396348.0,Platinum,15.0,1901.0,4.0,35.0,15.0,No
C356,Other,51.0,Tier 3,300168.0,Gold,19.0,1878.0,5.0,11.0,34.0,Yes
C357,Other,31.0,Tier 1,575322.0,Silver,7.0,1161.0,1.0,16.0,3.0,Yes
C358,Other,44.0,Tier 2,484609.0,Platinum,6.0,1359.0,5.0,19.0,10.0,No
C359,Female,60.0,Tier 3,545483.0,Gold,14.0,1641.0,3.0,23.0,21.0,Yes
C360,Other,53.0,Tier 3,563707.0,Platinum,4.0,1260.0,1.0,33.0,30.0,No
C361,Female,55.0,Tier 1,560619.5,Platinum,7.0,1177.0,2.0,16.0,12.0,No
C362,Male,19.0,Tier 2,586936.0,Gold,16.0,515.0,2.0,19.0,19.0,No
C363,Other,44.0,Tier 1,388217.0,Gold,7.0,1497.0,3.0,34.0,15.0,Yes
C364,Female,52.0,Tier 1,570503.0,Gold,23.0,1209.0,4.0,28.0,24.0,Yes
C365,Other,50.0,Tier 1,552212.0,Gold,21.0,1339.0,5.0,28.0,18.0,No
C366,Female,33.0,Tier 2,485228.0,Silver,4.0,1209.0,2.0,29.0,27.0,Yes
C367,Other,19.0,Tier 3,456603.0,Gold,9.0,548.0,1.0,23.0,3.0,No
C368,Male,23.0,Tier 3,616223.0,Gold,19.0,2002.0,2.0,10.0,34.0,Yes
C369,Other,54.0,Tier 3,636110.0,Silver,11.0,1012.0,1.0,24.0,20.0,No
C370,Other,59.0,Tier 2,613232.0,Platinum,20.0,1848.0,3.0,23.0,14.0,Yes
C371,Other,32.0,Tier 2,738459.0,Gold,16.0,1209.0,3.0,22.0,23.0,No
C372,Other,33.0,Tier 3,611235.0,Platinum,5.0,1136.0,3.0,8.0,29.0,Yes
C373,Other,21.0,Tier 2,646791.0,Platinum,18.0,1353.0,5.0,28.0,31.0,Yes
C374,Male,40.0,Tier 3,265633.0,Platinum,15.0,1060.0,2.0,11.0,29.0,No
C375,Female,55.0,Tier 1,573827.0,Gold,25.0,626.0,5.0,13.0,14.0,No
C376,Male,60.0,Tier 3,619722.0,Platinum,13.0,590.0,1.0,27.0,16.0,Yes
C377,Male,48.0,Tier 2,454187.0,Silver,4.0,1736.0,5.0,7.0,20.0,No
C378,Other,29.0,Tier 3,443946.0,Gold,40.0,1429.0,3.0,14.0,25.0,No
C379,Other,22.0,Tier 1,339571.0,Gold,24.0,2032.0,2.0,11.0,5.0,No
C380,Male,50.0,Tier 2,513453.0,Platinum,16.0,1238.0,4.0,29.0,32.0,No
C381,Female,35.0,Tier 3,560619.5,Silver,11.0,1443.0,5.0,15.0,10.0,No
C382,Female,51.0,Tier 2,367698.0,Gold,19.0,1197.0,2.0,35.0,34.0,Yes
C383,Female,32.0,Tier 1,470947.0,Platinum,25.0,524.0,2.0,30.0,20.0,No
C384,Female,40.0,Tier 2,668454.0,Silver,8.0,1059.0,2.0,32.0,31.0,No
C385,Female,23.0,Tier 1,579102.0,Gold,15.0,1271.0,1.0,18.0,28.0,No
C386,Other,52.0,Tier 2,509817.0,Silver,22.0,1990.0,4.0,23.0,26.0,Yes
C387,Female,54.0,Tier 3,544328.0,Platinum,23.0,1209.0,4.0,28.0,31.0,Yes
C388,Male,38.0,Tier 2,501954.0,Gold,10.0,1399.0,4.0,16.0,34.0,No
C389,Female,40.0,Tier 1,613911.0,Silver,19.0,764.0,3.0,18.0,21.0,Yes
C390,Female,33.0,Tier 3,661537.0,Silver,5.0,494.0,5.0,29.0,15.0,No
C391,Other,25.0,Tier 1,687296.0,Gold,16.0,672.0,4.0,34.0,20.0,Yes
C392,Other,26.0,Tier 3,522850.0,Platinum,8.0,1625.0,1.0,10.0,27.0,Yes
C393,Other,35.0,Tier 2,564352.0,Platinum,24.0,1526.0,1.0,8.0,5.0,Yes
C394,Male,41.0,Tier 1,624239.0,Gold,6.0,1714.0,2.0,23.0,22.0,Yes
C395,Other,31.0,Tier 2,677465.0,Gold,40.0,1018.0,1.0,26.0,6.0,No
C396,Female,56.0,Tier 1,625952.0,Platinum,23.0,589.0,2.0,35.0,32.0,Yes
C397,Other,55.0,Tier 3,543051.0,Silver,7.0,1527.0,5.0,22.0,11.0,Yes
C398,Male,56.0,Tier 2,566061.0,Platinum,17.0,1209.0,3.0,8.0,17.0,Yes
C399,Other,42.0,Tier 1,1957345.0,Silver,8.0,1651.0,5.0,14.0,29.0,No
C400,Male,30.0,Tier 1,540350.0,Platinum,19.0,1013.0,2.0,26.0,11.0,No
C401,Male,42.0,Tier 1,656382.0,Silver,16.0,637.0,5.0,29.0,11.0,Yes
C402,Male,50.0,Tier 2,610124.0,Platinum,24.0,783.0,1.0,13.0,18.0,No
C403,Other,49.0,Tier 2,703351.0,Platinum,15.0,1095.0,2.0,28.0,17.0,Yes
C404,Male,25.0,Tier 3,566198.0,Silver,17.0,1365.0,5.0,19.0,28.0,Yes
C405,Male,58.0,Tier 2,318437.0,Platinum,9.0,1209.0,4.0,30.0,13.0,Yes
C406,Male,49.0,Tier 1,673821.0,Silver,10.0,605.0,5.0,9.0,26.0,Yes
C407,Female,19.0,Tier 2,560619.5,Gold,39.0,1555.0,1.0,31.0,33.0,No
C408,Other,45.0,Tier 3,559874.0,Gold,5.0,1626.0,1.0,30.0,20.0,Yes
C409,Other,35.0,Tier 1,487925.0,Gold,4.0,1763.0,1.0,32.0,30.0,No
C410,Female,57.0,Tier 2,825867.0,Platinum,16.0,1054.0,5.0,29.0,10.0,Yes
C411,Female,53.0,Tier 2,496539.0,Platinum,9.0,1781.0,4.0,36.0,26.0,Yes
C412,Other,34.0,Tier 3,739548.0,Platinum,14.0,990.0,3.0,36.0,26.0,No
C413,Male,32.0,Tier 2,499577.0,Silver,15.0,1087.0,1.0,13.0,29.0,No
C414,Other,26.0,Tier 3,560619.5,Gold,13.0,832.0,5.0,34.0,4.0,No
C415,Other,25.0,Tier 3,429503.0,Gold,14.0,892.0,2.0,34.0,33.0,No
C416,Other,28.0,Tier 3,545837.0,Gold,20.0,1293.0,5.0,31.0,5.0,No
C417,Female,59.0,Tier 1,736060.0,Silver,16.0,800.0,2.0,28.0,5.0,No
C418,Male,21.0,Tier 3,668118.0,Platinum,7.0,1114.0,2.0,29.0,7.0,No
C419,Female,58.0,Tier 2,544064.0,Platinum,4.0,1469.0,1.0,22.0,29.0,Yes
C420,Male,38.0,Tier 3,560619.5,Platinum,20.0,1352.0,1.0,28.0,13.0,Yes
C421,Male,53.0,Tier 2,569974.0,Silver,5.0,1396.0,5.0,23.0,21.0,No
C422,Other,52.0,Tier 3,584700.0,Gold,7.0,1209.0,2.0,11.0,15.0,No
C423,Male,57.0,Tier 3,473471.0,Gold,25.0,987.0,1.0,27.0,14.0,Yes
C424,Female,27.0,Tier 2,475223.0,Gold,21.0,977.0,3.0,32.0,2.0,Yes
C425,Female,24.0,Tier 1,473513.0,Gold,22.0,1675.0,1.0,19.0,27.0,Yes
C426,Female,18.0,Tier 3,720460.0,Platinum,24.0,971.0,5.0,21.0,31.0,No
C427,Female,51.0,Tier 1,450117.0,Gold,16.0,1388.0,2.0,16.0,33.0,Yes
C428,Female,50.0,Tier 1,483733.0,Platinum,23.0,1209.0,4.0,14.0,35.0,Yes
C429,Other,46.0,Tier 3,574350.0,Silver,20.0,593.0,2.0,36.0,9.0,No
C430,Female,34.0,Tier 3,735700.0,Platinum,18.0,1209.0,1.0,18.0,24.0,Yes
C431,Female,40.0,Tier 2,476465.0,Silver,4.0,1044.0,4.0,35.0,19.0,No
C432,Other,46.0,Tier 2,2057173.0,Platinum,5.0,1333.0,1.0,22.0,19.0,No
C433,Other,49.0,Tier 3,629025.0,Gold,16.0,2004.0,2.0,31.0,5.0,No
C434,Female,56.0,Tier 2,528766.0,Gold,20.0,880.0,3.0,33.0,32.0,Yes
C435,Other,50.0,Tier 1,384481.0,Silver,12.0,907.0,5.0,19.0,21.0,Yes
C436,Male,39.0,Tier 1,546024.0,Gold,17.0,1917.0,3.0,13.0,19.0,Yes
C437,Female,29.0,Tier 2,487886.0,Silver,8.0,1289.0,5.0,27.0,26.0,Yes
C438,Male,58.0,Tier 2,548029.0,Silver,16.0,1675.0,4.0,30.0,10.0,No
C439,Other,40.0,Tier 2,853231.0,Gold,20.0,987.0,2.0,8.0,14.0,No
C440,Female,52.0,Tier 1,491267.0,Gold,16.0,1617.0,1.0,21.0,35.0,Yes
C441,Female,35.0,Tier 1,631826.0,Platinum,8.0,1938.0,2.0,23.0,24.0,No
C442,Female,23.0,Tier 3,620071.0,Gold,4.0,1056.0,2.0,39.0,26.0,No
C443,Other,58.0,Tier 1,620878.0,Platinum,16.0,1643.0,3.0,22.0,13.0,Yes
C444,Male,54.0,Tier 3,648457.0,Silver,16.0,1402.0,4.0,30.0,2.0,No
C445,Female,19.0,Tier 1,560619.5,Silver,24.0,1209.0,1.0,34.0,14.0,No
C446,Male,37.0,Tier 1,715859.0,Platinum,7.0,1459.0,4.0,7.0,26.0,No
C447,Male,42.0,Tier 3,529945.0,Silver,13.0,1258.0,1.0,12.0,23.0,No
C448,Male,60.0,Tier 3,694781.0,Gold,6.0,873.0,2.0,30.0,32.0,Yes
C449,Other,45.0,Tier 2,594240.0,Gold,19.0,1042.0,3.0,36.0,28.0,No
C450,Other,52.0,Tier 2,553449.0,Platinum,6.0,81.0,1.0,11.0,5.0,No
C451,Male,36.0,Tier 3,703414.0,Silver,8.0,1527.0,3.0,23.0,12.0,No
C452,Male,23.0,Tier 1,371272.0,Silver,20.0,1209.0,3.0,7.0,11.0,Yes
C453,Other,29.0,Tier 1,560794.0,Gold,22.0,1501.0,2.0,19.0,10.0,No
C454,Other,21.0,Tier 1,387970.0,Silver,14.0,1798.0,1.0,13.0,8.0,No
C455,Male,33.0,Tier 3,560619.5,Gold,5.0,1306.0,1.0,23.0,7.0,Yes
C456,Female,36.0,Tier 3,501834.0,Silver,17.0,1415.0,3.0,22.0,4.0,Yes
C457,Other,47.0,Tier 3,555754.0,Platinum,9.0,1683.0,5.0,17.0,10.0,No
C458,Other,45.0,Tier 3,377020.0,Platinum,22.0,1270.0,2.0,34.0,7.0,No
C459,Female,28.0,Tier 1,599021.0,Silver,12.0,1125.0,4.0,10.0,33.0,No
C460,Female,44.0,Tier 3,501440.0,Gold,20.0,1054.0,1.0,30.0,2.0,Yes
C461,Female,42.0,Tier 2,570956.0,Platinum,24.0,476.0,2.0,36.0,29.0,No
C462,Male,38.0,Tier 3,665801.0,Gold,19.0,1007.0,5.0,32.0,29.0,Yes
C463,Male,31.0,Tier 3,565336.0,Silver,13.0,1346.0,2.0,23.0,29.0,No
C464,Male,30.0,Tier 2,486903.0,Platinum,22.0,171.0,5.0,25.0,22.0,No
C465,Male,27.0,Tier 1,737862.0,Platinum,4.0,1173.0,4.0,8.0,14.0,Yes
C466,Other,42.0,Tier 1,483376.0,Silver,13.0,1952.0,4.0,20.0,29.0,No
C467,Male,29.0,Tier 2,376238.0,Gold,25.0,320.0,1.0,10.0,3.0,No
C468,Male,49.0,Tier 3,602801.0,Platinum,17.0,999.0,1.0,10.0,31.0,No
C469,Male,41.0,Tier 3,427452.0,Gold,16.0,1483.0,5.0,17.0,29.0,No
C470,Male,57.0,Tier 1,579256.0,Platinum,16.0,974.0,1.0,10.0,27.0,No
C471,Other,28.0,Tier 1,560619.5,Platinum,21.0,1548.0,2.0,31.0,17.0,Yes
C472,Female,30.0,Tier 1,628024.0,Gold,8.0,1160.0,1.0,10.0,20.0,Yes
C473,Male,22.0,Tier 2,771596.0,Silver,16.0,771.0,3.0,12.0,2.0,Yes
C474,Male,39.0,Tier 2,560619.5,Platinum,10.0,923.0,2.0,35.0,22.0,Yes
C475,Other,26.0,Tier 2,544529.0,Platinum,19.0,1297.0,3.0,35.0,27.0,No
C476,Male,31.0,Tier 2,521051.0,Gold,23.0,1340.0,1.0,23.0,28.0,No
C477,Female,19.0,Tier 2,399815.0,Silver,14.0,1209.0,3.0,17.0,6.0,Yes
C478,Other,31.0,Tier 2,540141.0,Platinum,17.0,1646.0,2.0,23.0,19.0,Yes
C479,Female,28.0,Tier 3,591127.0,Platinum,4.0,1382.0,3.0,23.0,3.0,Yes
C480,Female,37.0,Tier 2,618372.0,Platinum,18.0,1379.0,3.0,23.0,2.0,No
C481,Other,45.0,Tier 1,627126.0,Platinum,5.0,1731.0,3.0,26.0,26.0,Yes
C482,Male,55.0,Tier 1,573582.0,Gold,20.0,1483.0,3.0,14.0,20.0,No
C483,Other,33.0,Tier 3,560619.5,Gold,33.0,1776.0,3.0,23.0,22.0,No
C484,Other,47.0,Tier 3,468832.0,Gold,20.0,1209.0,4.0,34.0,8.0,Yes
C485,Other,25.0,Tier 2,1991968.0,Gold,21.0,627.0,5.0,21.0,8.0,No
C486,Other,45.0,Tier 1,565372.0,Gold,5.0,927.0,1.0,23.0,8.0,No
C487,Female,43.0,Tier 3,650877.0,Silver,13.0,1209.0,2.0,22.0,17.0,Yes
C488,Male,29.0,Tier 2,1910763.0,Platinum,6.0,1209.0,3.0,22.0,32.0,Yes
C489,Other,36.0,Tier 3,495723.0,Silver,18.0,230.0,4.0,33.0,23.0,No
C490,Male,35.0,Tier 3,359931.0,Silver,16.0,1504.0,4.0,13.0,26.0,No
C491,Other,52.0,Tier 2,644296.0,Platinum,22.0,1370.0,1.0,33.0,29.0,No
C492,Female,25.0,Tier 2,433962.0,Platinum,25.0,1209.0,3.0,16.0,9.0,No
C493,Male,45.0,Tier 2,549567.0,Platinum,8.0,736.0,2.0,16.0,32.0,Yes
C494,Other,58.0,Tier 2,730407.0,Gold,17.0,1550.0,2.0,13.0,7.0,No
C495,Other,29.0,Tier 2,523484.0,Platinum,18.0,1210.0,3.0,31.0,10.0,No
C496,Male,55.0,Tier 1,575005.0,Silver,16.0,383.0,5.0,8.0,8.0,Yes
C497,Female,54.0,Tier 2,520338.0,Platinum,10.0,927.0,2.0,34.0,21.0,Yes
C498,Female,57.0,Tier 1,429805.0,Platinum,16.0,1087.0,1.0,12.0,18.0,No
C499,Other,57.0,Tier 1,765722.0,Platinum,21.0,1456.0,1.0,28.0,26.0,Yes
C500,Female,44.0,Tier 2,481458.0,Silver,24.0,1209.0,3.0,30.0,2.0,No
